﻿<?xml version="1.0" encoding="utf-8" ?>
<PeiZhi>
  <KuaiJie LieShu="8">
    <AnLiu LeiXing="字符" ShuRuZiFu=""></AnLiu>
    <AnLiu LeiXing="字符" ShuRuZiFu="/">/</AnLiu>
    <AnLiu LeiXing="字符" ShuRuZiFu="℃">℃</AnLiu>
    <AnLiu LeiXing="字符" ShuRuZiFu="μ">μ</AnLiu>
    <AnLiu LeiXing="字符" ShuRuZiFu="+">+</AnLiu>
    <AnLiu LeiXing="字符" ShuRuZiFu="-">-</AnLiu>
    <AnLiu LeiXing="字符" ShuRuZiFu="≤">≤</AnLiu>
    <AnLiu LeiXing="字符" ShuRuZiFu="≥">≥</AnLiu>
    <AnLiu LeiXing="字符" ShuRuZiFu="±">±</AnLiu>
    <AnLiu LeiXing="字符" ShangBiaoWeiZhi="3" ShuRuZiFu="×10^0">×100</AnLiu>
    <AnLiu LeiXing="字符" ShangBiaoWeiZhi="3" ShuRuZiFu="×10^1">×101</AnLiu>
    <AnLiu LeiXing="字符" ShangBiaoWeiZhi="3" ShuRuZiFu="×10^2">×102</AnLiu>
    <AnLiu LeiXing="字符" ShangBiaoWeiZhi="3" ShuRuZiFu="×10^3">×103</AnLiu>
    <AnLiu LeiXing="字符" ShangBiaoWeiZhi="3" ShuRuZiFu="×10^4">×104</AnLiu>
    <AnLiu LeiXing="字符" ShangBiaoWeiZhi="3" ShuRuZiFu="×10^5">×105</AnLiu>
    <AnLiu LeiXing="字符" ShangBiaoWeiZhi="3" ShuRuZiFu="×10^6">×106</AnLiu>
    <AnLiu LeiXing="字符" ShangBiaoWeiZhi="3" ShuRuZiFu="×10^7">×107</AnLiu>
    <AnLiu LeiXing="字符" ShangBiaoWeiZhi="3" ShuRuZiFu="×10^8">×108</AnLiu>
    <AnLiu LeiXing="字符" ShangBiaoWeiZhi="3" ShuRuZiFu="×10^9">×109</AnLiu>
    <AnLiu LeiXing="字符" ShangBiaoWeiZhi="3,4" ShuRuZiFu="×10^-1">×10-1</AnLiu>
    <AnLiu LeiXing="字符" ShangBiaoWeiZhi="3,4" ShuRuZiFu="×10^-2">×10-2</AnLiu>
    <AnLiu LeiXing="字符" ShangBiaoWeiZhi="3,4" ShuRuZiFu="×10^-3">×10-3</AnLiu>
    <AnLiu LeiXing="字符" ShangBiaoWeiZhi="3,4" ShuRuZiFu="×10^-4">×10-4</AnLiu>
    <AnLiu LeiXing="字符" ShangBiaoWeiZhi="3,4" ShuRuZiFu="×10^-5">×10-5</AnLiu>
    <AnLiu LeiXing="字符" ShangBiaoWeiZhi="3,4" ShuRuZiFu="×10^-6">×10-6</AnLiu>
    <AnLiu LeiXing="字符" ShangBiaoWeiZhi="3,4" ShuRuZiFu="×10^-7">×10-7</AnLiu>
    <AnLiu LeiXing="字符" ShangBiaoWeiZhi="3,4" ShuRuZiFu="×10^-8">×10-8</AnLiu>
    <AnLiu LeiXing="字符" ShangBiaoWeiZhi="3,4" ShuRuZiFu="×10^-9">×10-9</AnLiu>
    <AnLiu LeiXing="字符" ShangBiaoWeiZhi="0" ShuRuZiFu="x^0">0</AnLiu>
    <AnLiu LeiXing="字符" ShangBiaoWeiZhi="0" ShuRuZiFu="x^1">1</AnLiu>
    <AnLiu LeiXing="字符" ShangBiaoWeiZhi="0" ShuRuZiFu="x^2">2</AnLiu>
    <AnLiu LeiXing="字符" ShangBiaoWeiZhi="0" ShuRuZiFu="x^3">3</AnLiu>
    <AnLiu LeiXing="字符" ShangBiaoWeiZhi="0" ShuRuZiFu="x^4">4</AnLiu>
    <AnLiu LeiXing="字符" ShangBiaoWeiZhi="0" ShuRuZiFu="x^5">5</AnLiu>
    <AnLiu LeiXing="字符" ShangBiaoWeiZhi="0" ShuRuZiFu="x^6">6</AnLiu>
    <AnLiu LeiXing="字符" ShangBiaoWeiZhi="0" ShuRuZiFu="x^7">7</AnLiu>
    <AnLiu LeiXing="字符" ShangBiaoWeiZhi="0" ShuRuZiFu="x^8">8</AnLiu>
    <AnLiu LeiXing="字符" ShangBiaoWeiZhi="0" ShuRuZiFu="x^9">9</AnLiu>
    <AnLiu LeiXing="字符" ShangBiaoWeiZhi="0,1" ShuRuZiFu="x^-1">-1</AnLiu>
    <AnLiu LeiXing="字符" ShangBiaoWeiZhi="0,1" ShuRuZiFu="x^-2">-2</AnLiu>
    <AnLiu LeiXing="字符" ShangBiaoWeiZhi="0,1" ShuRuZiFu="x^-3">-3</AnLiu>
    <AnLiu LeiXing="字符" ShangBiaoWeiZhi="0,1" ShuRuZiFu="x^-4">-4</AnLiu>
    <AnLiu LeiXing="字符" ShangBiaoWeiZhi="0,1" ShuRuZiFu="x^-5">-5</AnLiu>
    <AnLiu LeiXing="字符" ShangBiaoWeiZhi="0,1" ShuRuZiFu="x^-6">-6</AnLiu>
    <AnLiu LeiXing="字符" ShangBiaoWeiZhi="0,1" ShuRuZiFu="x^-7">-7</AnLiu>
    <AnLiu LeiXing="字符" ShangBiaoWeiZhi="0,1" ShuRuZiFu="x^-8">-8</AnLiu>
    <AnLiu LeiXing="字符" ShangBiaoWeiZhi="0,1" ShuRuZiFu="x^-9">-9</AnLiu>
    <AnLiu LeiXing="字符" ShuRuZiFu="Ⅰ">Ⅰ</AnLiu>
    <AnLiu LeiXing="字符" ShuRuZiFu="Ⅱ">Ⅱ</AnLiu>
    <AnLiu LeiXing="字符" ShuRuZiFu="Ⅲ">Ⅲ</AnLiu>
    <AnLiu LeiXing="Excel操作" CaoZuoLeiXing="上标">上标</AnLiu>
    <AnLiu LeiXing="Excel操作" CaoZuoLeiXing="下标">下标</AnLiu>
    <AnLiu LeiXing="Excel操作" CaoZuoLeiXing="居左">居左</AnLiu>
    <AnLiu LeiXing="Excel操作" CaoZuoLeiXing="居中">居中</AnLiu>
    <AnLiu LeiXing="Excel操作" CaoZuoLeiXing="居右">居右</AnLiu>
    <AnLiu LeiXing="Excel操作" CaoZuoLeiXing="居上">居上</AnLiu>
    <AnLiu LeiXing="Excel操作" CaoZuoLeiXing="居下">居下</AnLiu>
    <AnLiu LeiXing="Excel操作" CaoZuoLeiXing="加粗">加粗</AnLiu>
    <AnLiu LeiXing="Excel操作" CaoZuoLeiXing="斜体">斜体</AnLiu>
  </KuaiJie>
</PeiZhi>